{
  "name": "ngCordovaHTTP",
  "version": "0.1.4",
  "homepage": "https://github.com/panta/ngCordovaHTTP",
  "authors": [
    "Andrew Stephan <andrewrstephan@gmail.com>",
    "Marco Pantaleoni <marco.pantaleoni@gmail.com>"
  ],
  "description": "AngularJS Cordova wrappers for cordova-HTTP",
  "main": [
    "./dist/ng-cordova-http.js"
  ],
  "ignore": [
    "**/.*",
    "gulpfile.js",
    "test",
    "src",
    "config",
    "demo",
    "CONTRIBUTING.md"
  ],
  "dependencies": {
    "angular": ">= 1.2.23"
  },
  "keywords": [
    "ngCordovaHTTP",
    "cordova-HTTP",
    "HTTP",
    "cordova",
    "phonegap",
    "angular",
    "angularjs",
    "cordova plugin"
  ],
  "license": "MIT",
  "private": false,
  "devDependencies": {
    "angular": ">= 1.2.23",
    "jquery": "~2.1.1"
  },
  "_release": "0.1.4",
  "_resolution": {
    "type": "version",
    "tag": "0.1.4",
    "commit": "aea023976371e4be74030806893385226aa07700"
  },
  "_source": "https://github.com/panta/ngCordovaHTTP.git",
  "_target": "^0.1.4",
  "_originalSource": "ng-cordova-http",
  "_direct": true
}